{
  "hash": "c9b3019e",
  "browserHash": "0f1e37c9",
  "optimized": {
    "@angular/common": {
      "src": "../../../../../node_modules/@angular/common/fesm2022/common.mjs",
      "file": "@angular_common.js",
      "fileHash": "850c62c8",
      "needsInterop": false
    },
    "@angular/core": {
      "src": "../../../../../node_modules/@angular/core/fesm2022/core.mjs",
      "file": "@angular_core.js",
      "fileHash": "dbd110e3",
      "needsInterop": false
    },
    "@angular/platform-browser": {
      "src": "../../../../../node_modules/@angular/platform-browser/fesm2022/platform-browser.mjs",
      "file": "@angular_platform-browser.js",
      "fileHash": "77234648",
      "needsInterop": false
    },
    "@angular/router": {
      "src": "../../../../../node_modules/@angular/router/fesm2022/router.mjs",
      "file": "@angular_router.js",
      "fileHash": "03cd0ab8",
      "needsInterop": false
    }
  },
  "chunks": {
    "chunk-S7XXB5Z5": {
      "file": "chunk-S7XXB5Z5.js"
    },
    "chunk-L766OLEG": {
      "file": "chunk-L766OLEG.js"
    },
    "chunk-7JJFYRJ3": {
      "file": "chunk-7JJFYRJ3.js"
    }
  }
}